{
  "id": "CryptoRates-Local",
  "name": "CryptoRates Local",
  "values": [
    {
      "key": "base_url",
      "value": "http://localhost:8080",
      "enabled": true
    },
    {
      "key": "auth_token",
      "value": "<your-jwt-token>",
      "enabled": true
    },
    {
      "key": "vs_currency",
      "value": "usd",
      "enabled": true
    }
  ],
  "_postman_variable_scope": "environment",
  "_postman_exported_at": "2025-07-13T14:21:11.415313",
  "_postman_exported_using": "ChatGPT Automation"
}
