{
  "info": {
    "name": "CryptoRates - Full API",
    "schema": "https://schema.getpostman.com/json/collection/v2.1.0/collection.json",
    "_postman_id": "cryptorates-full-2025-07-13T14:50:31.715357",
    "description": "\n\n\ud83d\udd10 **Security Notice**:\n- This API is protected with Helmet headers.\n- Rate limiting is enforced: max 100 requests per 15 minutes per IP.\n  Excessive requests may result in a 429 Too Many Requests error."
  },
  "item": [
    {
      "name": "Auth - Signup",
      "request": {
        "method": "POST",
        "header": [
          {
            "key": "Content-Type",
            "value": "application/json"
          }
        ],
        "body": {
          "mode": "raw",
          "raw": "{\n  \"name\": \"John Doe\",\n  \"email\": \"john@example.com\",\n  \"password\": \"123456\"\n}"
        },
        "url": {
          "raw": "{{base_url}}/auth/signup",
          "host": ["{{base_url}}"],
          "path": ["auth", "signup"]
        }
      }
    },
    {
      "name": "Auth - Login",
      "request": {
        "method": "POST",
        "header": [
          {
            "key": "Content-Type",
            "value": "application/json"
          }
        ],
        "body": {
          "mode": "raw",
          "raw": "{\n  \"email\": \"john@example.com\",\n  \"password\": \"123456\"\n}"
        },
        "url": {
          "raw": "{{base_url}}/auth/login",
          "host": ["{{base_url}}"],
          "path": ["auth", "login"]
        }
      }
    },
    {
      "name": "Coins - List Top Cryptos",
      "request": {
        "method": "GET",
        "header": [
          {
            "key": "Authorization",
            "value": "Bearer {{auth_token}}"
          }
        ],
        "url": {
          "raw": "{{base_url}}/coingecko/cryptos",
          "host": ["{{base_url}}"],
          "path": ["coingecko", "cryptos"]
        }
      }
    },
    {
      "name": "Coins - Coin History",
      "request": {
        "method": "GET",
        "header": [
          {
            "key": "Authorization",
            "value": "Bearer {{auth_token}}"
          }
        ],
        "url": {
          "raw": "{{base_url}}/coingecko/history/bitcoin?vs_currency={{vs_currency}}&days=7",
          "host": ["{{base_url}}"],
          "path": ["coingecko", "history", "bitcoin"],
          "query": [
            {
              "key": "vs_currency",
              "value": "{{vs_currency}}"
            },
            {
              "key": "days",
              "value": "7"
            }
          ]
        }
      }
    },
    {
      "name": "Coins - Save Coin to Watchlist",
      "request": {
        "method": "POST",
        "header": [
          {
            "key": "Content-Type",
            "value": "application/json"
          },
          {
            "key": "Authorization",
            "value": "Bearer {{auth_token}}"
          }
        ],
        "body": {
          "mode": "raw",
          "raw": "{\n  \"id\": \"bitcoin\"\n}"
        },
        "url": {
          "raw": "{{base_url}}/user/coins",
          "host": ["{{base_url}}"],
          "path": ["user", "coins"]
        }
      }
    },
    {
      "name": "User - Get Saved Coins",
      "request": {
        "method": "GET",
        "header": [
          {
            "key": "Authorization",
            "value": "Bearer {{auth_token}}"
          }
        ],
        "url": {
          "raw": "{{base_url}}/user/coins",
          "host": ["{{base_url}}"],
          "path": ["user", "coins"]
        }
      }
    },
    {
      "name": "User - Delete Saved Coin",
      "request": {
        "method": "DELETE",
        "header": [
          {
            "key": "Authorization",
            "value": "Bearer {{auth_token}}"
          }
        ],
        "url": {
          "raw": "{{base_url}}/user/coins/bitcoin",
          "host": ["{{base_url}}"],
          "path": ["user", "coins", "bitcoin"]
        }
      }
    },
    {
      "name": "User - Delete Self",
      "request": {
        "method": "DELETE",
        "url": {
          "raw": "{{base_url}}/users/me",
          "host": ["{{base_url}}"],
          "path": ["users", "me"]
        },
        "header": [
          {
            "key": "Authorization",
            "value": "Bearer {{auth_token}}"
          }
        ]
      }
    },
    {
      "name": "Admin - Delete User",
      "request": {
        "method": "DELETE",
        "url": {
          "raw": "{{base_url}}/admin/users/{{target_user_id}}",
          "host": ["{{base_url}}"],
          "path": ["admin", "users", "{{target_user_id}}"]
        },
        "header": [
          {
            "key": "Authorization",
            "value": "Bearer {{auth_token}}"
          }
        ]
      }
    }
  ]
}
